维度,品牌,活动类型,活动目标,实现路径,效果评估
公众号活动,美团,做任务赚美团币,提升用户活跃度、增加使用频次,日常任务(租借/签到/邀请)奖励积分→积分兑换充电券+生活服务券,✅完整积分闭环 ✅低成本获客 ⚠️需验证兑换率
,,暑期福利联动,品牌联动扩大影响力,"与""四个朋友""合作→KTV/棋牌免单券→多入口引流",✅拓展使用场景 ✅降低营销成本 ⚠️需验证核销率
,,留言互动抽奖,提升用户参与感,UGC内容征集→抽2名送定制充电宝,✅低成本互动 ⚠️激励力度有限
,怪兽,【待补充】,【待补充】,【待补充】,【待补充】
,街电(竹芒),❌ 几乎无活动,-,-,❌错失私域流量 ❌触达渠道单一
,小电,0.99元权益包,新用户获取、首次转化,超低价组合(充电券+美团券)→小程序+公众号推广,✅价值锚点好 ✅联合营销 ⚠️需关注成本
,立充,【待补充】,【待补充】,【待补充】,【待补充】
B端活动,美团,【待补充】,【待补充】,【待补充】,【待补充】
,怪兽,B端商户合作(主要方向),拓展点位、提升商户粘性,商户返佣机制+定制化方案+联合营销,✅B端为主策略 ✅商户覆盖率高
,街电(竹芒),【待补充】,【待补充】,【待补充】,【待补充】
,小电,【待补充】,【待补充】,【待补充】,【待补充】
,立充,【待补充】,【待补充】,【待补充】,【待补充】
C端活动,美团,限时补贴抢购,刺激即时租借,分时段发放代金券(10:00/15:00/20:00)→制造稀缺感,✅培养定时查看习惯 ✅紧迫感促决策 ⚠️需控制成本
,,次卡特惠购,锁定长期用户、提升客单价,套餐设计(120分钟3次/60分钟2次)→突出性价比,✅预付费提升粘性 ✅降低决策成本 ⚠️需关注核销率
,,1元宝24小时,引流到指定门店,指定门店借还→地图页专属入口→防误触机制,✅精准引流合作商户 ✅强化门店价值 ⚠️归还限制影响体验
,,吃喝玩乐每日领,美团生态导流,跨品类券一键领取,✅生态协同 ✅提升用户LTV
,怪兽,【待补充】,【待补充】,【待补充】,【待补充】
,街电(竹芒),抖音/快手团购券,获取新用户、提升曝光,第三方平台团购引流,⚠️依赖外部平台 ⚠️缺少自主运营
,小电,0.99元权益包(同上),同公众号活动,同公众号活动,同公众号活动
,立充,【待补充】,【待补充】,【待补充】,【待补充】
